,Owner_Name,Address,User_name,Building_number,Administrative_unit,City,Street_name,Date_posted,Property_age,state,latitude,longitude,state_name
0,Tracy Kim,010 Gregory Rue Suite 911,elainelewis,71170,South Dakota,Aaronhaven,Daniel Crescent,2003-08-04,40,AK,63.588753,-154.493062,Alaska
1,Lisa James,6777 Ruiz Course Suite 575,zevans,16819,New York,Markmouth,Michelle Drive,2018-05-18,89,AL,32.318231,-86.902298,Alabama
2,Joseph Jones,530 Harris Viaduct,castrochristine,323,Wyoming,East Kimberly,Bates Lake,2021-01-05,47,AR,35.20105,-91.831833,Arkansas
3,Terry Nelson,876 Brown Avenue,timothynelson,3964,Vermont,South Charlestown,John Springs,2020-10-20,70,AZ,34.048928,-111.093731,Arizona
4,Richard Taylor,08235 Brian Vista,mercadojill,37150,Idaho,Port John,Amanda Points,2006-05-15,83,CA,36.778261,-119.417932,California
5,Crystal Medina,145 Stephen Trail,heatherpierce,34610,Michigan,North Nicoleborough,Kane Road,2001-04-12,58,CO,39.550051,-105.782067,Colorado
6,Kelly Sandoval,34182 Jennifer Light Suite 235,rebecca18,96377,Alabama,Robinsonburgh,Albert Brook,2022-08-03,66,CT,41.603221,-73.087749,Connecticut
7,Ashley Riley,8896 Hoover Parks,gonzalezjoshua,13304,Utah,Ericburgh,Karen Forges,2019-05-24,35,DC,38.905985,-77.033418,District of Columbia
8,Carrie Davis,97456 Howard Mountain,fjackson,785,Arkansas,East Paula,Maria Mountain,2003-02-10,76,DE,38.910832,-75.52767,Delaware
9,Danielle Swanson,0739 Glenn Ways Suite 040,ibarrera,220,Missouri,Lake Anatown,Parker Turnpike,2011-02-06,63,FL,27.664827,-81.515754,Florida
10,Russell Garrett,4061 April Station,mbradley,7727,New York,Rodriguezbury,Arnold Cape,2021-10-03,42,GA,32.157435,-82.907123,Georgia
11,Brett Wagner MD,2289 Alexandra Spring,riceamy,79460,Maryland,Brianburgh,Ronald Burg,2014-04-30,24,HI,19.898682,-155.665857,Hawaii
12,Sandra Smith,8234 Graham Mission Apt. 896,housefrank,741,Wisconsin,Mcdanielshire,Escobar Streets,2004-12-20,61,IA,41.878003,-93.097702,Iowa
13,Kimberly Adams,37015 Beck Dam Apt. 626,michael84,2381,Maine,Port Tonifurt,Robles Shoals,2007-03-21,49,ID,44.068202,-114.742041,Idaho
14,Emily Lester,6094 Ashley Rapid Apt. 853,ujefferson,6182,New York,Christyville,Tammy Fork,2017-01-05,23,IL,40.633125,-89.398528,Illinois
15,Robert Harris,28366 Stokes Island Apt. 598,jflores,570,Alabama,Gallagherborough,Andrew Falls,2019-12-02,71,IN,40.551217,-85.602364,Indiana
16,Jo Reyes,910 Catherine Flat,danielleharris,7177,Maine,Deantown,Fuller Port,2016-04-01,36,KS,39.011902,-98.484246,Kansas
17,Ryan Smith,93021 Amanda Tunnel Suite 576,tlogan,6769,Mississippi,East Annabury,Aaron Views,2008-12-04,62,KY,37.839333,-84.270018,Kentucky
18,Brett Wilson,38312 Pitts Pines,alexandra90,9216,Oklahoma,Lake Richard,Hudson Route,2001-05-29,18,LA,31.244823,-92.145024,Louisiana
19,Dylan Williams,24601 Morales Crescent,milleremily,683,Kentucky,Lynnmouth,Grant Plaza,2018-02-17,76,MA,42.407211,-71.382437,Massachusetts
20,Jessica Golden,45335 Timothy Cove,heather69,8991,Colorado,Port Kimberlyside,Reed Corners,2017-06-26,41,MD,39.045755,-76.641271,Maryland
21,Donna Holden,6477 Johnathan Plains Suite 132,wjones,7614,Louisiana,Scottview,David Trail,2021-05-27,38,ME,45.253783,-69.445469,Maine
22,Bobby Berg,426 Harris Park,waltersjoseph,44937,Indiana,North Erinburgh,Anthony Mountain,2019-08-20,65,MI,44.314844,-85.602364,Michigan
23,Cameron Alexander,336 Kimberly Plaza Suite 451,iburgess,4506,Georgia,Barbaraton,Melinda Throughway,2019-11-15,41,MN,46.729553,-94.6859,Minnesota
24,Nicole Gray,0249 Bell Track Apt. 503,deleonchristopher,5623,Tennessee,Port Jennifer,Davidson Drive,2015-11-10,45,MO,37.964253,-91.831833,Missouri
25,Eric Harris,7928 Jenna Haven Suite 394,autumnfrench,404,Vermont,Katherineport,Alyssa Fall,2009-11-12,18,MS,32.354668,-89.398528,Mississippi
26,Nathan King,43929 Reed Overpass Suite 962,josesmith,31573,Nevada,Port Susanport,Linda Junctions,2022-02-07,31,MT,46.879682,-110.362566,Montana
27,Vincent Jenkins,6097 Walker Flat,bmerritt,9870,Connecticut,Matahaven,Nancy Radial,2009-08-28,75,NC,35.759573,-79.0193,North Carolina
28,Julia Gutierrez,6239 Parrish Pine,taylorjoy,51551,Arkansas,Port Tammy,Kathy View,2011-07-04,29,ND,47.551493,-101.002012,North Dakota
29,Nicole Harrison,86592 Davidson Shore,sethsmith,923,Wyoming,Olsontown,Brown Divide,2009-09-16,17,NE,41.492537,-99.901813,Nebraska
30,Miguel Johnson,93647 Williams Cape Apt. 644,melissa78,71694,Virginia,New Victoriaside,Obrien Freeway,2015-12-12,71,NH,43.193852,-71.572395,New Hampshire
31,Robert Davis,5178 Yang Forks,douglasscott,76767,Illinois,New Rachel,Michael Meadow,2022-03-28,35,NJ,40.058324,-74.405661,New Jersey
32,Alisha Hughes,51598 Young Plain Suite 535,thomasmichael,583,Alabama,Lake Kyleland,Brandon Isle,2021-02-08,47,NM,34.97273,-105.032363,New Mexico
33,Deborah Turner,546 Walsh Greens,bennettjulie,9011,Georgia,Roberttown,Jessica Locks,2014-12-23,42,NV,38.80261,-116.419389,Nevada
34,Darrell Obrien,1706 Charles Land,vmontgomery,83,Delaware,Port Ernesttown,Andrew Pine,2002-05-12,66,NY,43.299428,-74.217933,New York
35,Mary Mason,07458 Matthew Flats Suite 877,jessica78,4426,Alabama,East Jasonton,Amanda Neck,2017-04-13,25,OH,40.417287,-82.907123,Ohio
36,Tabitha Schmidt,374 Martinez Cove,emilygarcia,883,Pennsylvania,Josephton,Rodriguez Ferry,2001-06-02,46,OK,35.007752,-97.092877,Oklahoma
37,Michaela Browning,99576 Flores Cliffs,susanpowell,4038,Utah,Port Cameron,Schmidt Garden,2001-07-12,17,OR,43.804133,-120.554201,Oregon
38,Gabriel Miller MD,1191 Patrick Corners,iramsey,26461,Washington,South Nicoleshire,Justin Rue,2005-02-21,65,PA,41.203322,-77.194525,Pennsylvania
39,Angela Griffith,614 Brown Groves Apt. 250,qavila,984,Connecticut,West Amanda,Dickerson Ramp,2020-06-24,61,PR,18.220833,-66.590149,Puerto Rico
40,Matthew Armstrong,8906 Galvan Roads Apt. 454,msmith,943,Iowa,Ramirezton,Gardner Mount,2001-11-24,36,RI,41.580095,-71.477429,Rhode Island
41,Brooke Brandt,85657 Ramos Manor Apt. 520,phart,294,Wisconsin,Benjaminmouth,Debbie Place,2010-07-08,75,SC,33.836081,-81.163725,South Carolina
42,Dr. Christopher Bass,7948 Joshua Falls Apt. 593,swest,957,West Virginia,North Williamborough,Kimberly Inlet,2003-12-31,37,SD,43.969515,-99.901813,South Dakota
43,Marvin Lin,644 Karen Path Suite 915,carolyngonzalez,3862,Nevada,New Danielle,Warner Shores,2015-06-18,63,TN,35.517491,-86.580447,Tennessee
44,Charles Davis,966 Cameron Walks,robertfitzpatrick,283,North Dakota,Port Victoria,Baker Creek,2011-10-01,22,TX,31.968599,-99.901813,Texas
45,Robert Green,52031 Andrew Turnpike,toddjohnson,83196,Virginia,Turnerfort,Wood Inlet,2009-02-12,33,UT,39.32098,-111.093731,Utah
46,Maria Gibson,0893 Betty Points,austincarlos,20963,Virginia,Smithborough,Deanna Rapid,2015-05-14,90,VA,37.431573,-78.656894,Virginia
47,Heather Adkins,42138 Haley Port Apt. 221,gutierrezcynthia,19127,Maryland,Normantown,Erica Inlet,2021-02-14,70,VT,44.558803,-72.577841,Vermont
48,Jason Mitchell,813 James Lights Apt. 394,heidioliver,49211,Idaho,Holmesmouth,Jenkins Turnpike,2005-03-09,84,WA,47.751074,-120.740139,Washington
49,Eric Arroyo,875 Michelle Shore Apt. 751,sthomas,4943,West Virginia,East Dawn,Cross Island,2019-09-01,85,WI,43.78444,-88.787868,Wisconsin
50,Donna Anderson,02707 Davis Drive Suite 015,mckeesheryl,13824,Wyoming,North Jonathan,Doyle Dale,2002-02-06,69,WV,38.597626,-80.454903,West Virginia
51,Kristen James,453 Maria Forest,ugomez,7977,Missouri,Karatown,Vazquez Rest,2001-02-05,41,WY,43.075968,-107.290284,Wyoming
52,Dr. Laura Dominguez,49201 Anthony Expressway,amanda03,8617,Indiana,South Stuartmouth,George Walks,2001-03-16,19,AK,63.588753,-154.493062,Alaska
53,Lori Mcneil MD,167 Rodney Stream,brandonmclaughlin,1327,North Dakota,North Tammyhaven,Evans Ways,2009-03-01,24,AL,32.318231,-86.902298,Alabama
54,William Gray,6807 David Knoll Apt. 910,wendyfrench,316,Pennsylvania,Faulknerbury,Chavez Cape,2016-09-21,85,AR,35.20105,-91.831833,Arkansas
55,Margaret Lam,8705 Anthony Curve Apt. 275,bzamora,409,New Hampshire,Michaelport,Williams Camp,2005-05-27,62,AZ,34.048928,-111.093731,Arizona
56,Zachary Crawford,0731 Jenkins Passage,tuckerwalter,390,West Virginia,Colebury,Chapman Turnpike,2007-11-07,79,CA,36.778261,-119.417932,California
57,Michael Hess,839 Frazier Neck Apt. 071,mckinneysierra,51337,Illinois,Richardfort,Garcia Village,2006-03-14,64,CO,39.550051,-105.782067,Colorado
58,Nicholas Sherman,51888 Albert Ville Apt. 955,krista57,13397,New York,Tiffanyland,Pruitt Roads,2012-08-13,33,CT,41.603221,-73.087749,Connecticut
59,Christopher Hayes,6896 Rhonda Walks,lesliemarks,362,North Carolina,Sherryville,Taylor Circle,2001-02-19,26,DC,38.905985,-77.033418,District of Columbia
60,Kayla Callahan,24388 Paula Junctions,kperez,9941,Virginia,Perkinsbury,Fox Via,2011-03-02,66,DE,38.910832,-75.52767,Delaware
61,William Sullivan,86043 Erika Point,vanderson,8178,Oklahoma,West Chadburgh,Kaufman Shores,2016-09-18,20,FL,27.664827,-81.515754,Florida
62,Dominic Little,49516 Hall Curve,kevin67,85701,Louisiana,Michelleport,Chelsea Burgs,2001-11-10,39,GA,32.157435,-82.907123,Georgia
63,Samantha Bennett,4684 Gilbert Village Suite 478,christopherburns,132,Indiana,Elizabethchester,David Keys,2019-12-05,51,HI,19.898682,-155.665857,Hawaii
64,Jennifer Oconnor,96139 Jordan Fields,bhansen,909,Maine,Farleymouth,Lopez Wells,2012-07-11,86,IA,41.878003,-93.097702,Iowa
65,James Evans,854 Donna Trail,fostercrystal,4624,New Jersey,West Ian,Hall Path,2014-07-30,84,ID,44.068202,-114.742041,Idaho
66,Travis Fry,4170 Sheila Ranch Apt. 014,scarlson,278,Idaho,East Barbara,Henderson Court,2005-10-24,66,IL,40.633125,-89.398528,Illinois
67,Andrea Bowers,75661 Woods Station Apt. 838,rubengonzalez,48053,New Mexico,West Brandon,Goodwin Villages,2017-11-01,37,IN,40.551217,-85.602364,Indiana
68,Joshua Stein,2989 Smith Mountains Apt. 287,williamkane,5910,New York,Davisstad,Lisa Mills,2009-06-02,61,KS,39.011902,-98.484246,Kansas
69,Hannah Anderson,72902 Burgess Route,elizabeth74,106,Idaho,Cookborough,Anne Burg,2011-02-23,43,KY,37.839333,-84.270018,Kentucky
70,Pamela Donaldson,21610 Phillips Dale,shelbychristensen,65564,North Carolina,Port Brianfurt,Carlson Rapid,2000-05-11,88,LA,31.244823,-92.145024,Louisiana
71,Steven White,7868 Thomas Pine Suite 410,annapope,734,Indiana,West Tylerbury,Jessica Lights,2012-09-29,77,MA,42.407211,-71.382437,Massachusetts
72,Aaron Lambert,7901 Williams Park Apt. 553,ysmith,32969,South Dakota,Mollyton,Greer Forks,2012-03-05,27,MD,39.045755,-76.641271,Maryland
73,Shawn Thornton,4442 Tanya Forge,thomastravis,33337,New Hampshire,South Jill,Gross Courts,2018-07-15,69,ME,45.253783,-69.445469,Maine
74,Melissa May,4813 Terry Ports,danielcarrillo,843,Arizona,South Cassandrafurt,Laura Island,2003-08-28,89,MI,44.314844,-85.602364,Michigan
75,Jessica Hobbs,6857 Rodriguez Hills Apt. 762,anneroy,164,Oklahoma,South Chad,Jeffery Hills,2010-05-09,56,MN,46.729553,-94.6859,Minnesota
76,Monica Potts,60196 Elizabeth Islands,leekimberly,788,Montana,Tonyport,Eddie Haven,2014-04-03,29,MO,37.964253,-91.831833,Missouri
77,Jeff Davis,01855 Jackson Point,natalie30,79461,California,South David,Brittney Run,2000-06-18,68,MS,32.354668,-89.398528,Mississippi
78,John Rodriguez,05627 Wilson Row,melissablair,80072,Wisconsin,New Scottview,Hector Ranch,2017-11-28,40,MT,46.879682,-110.362566,Montana
79,Laura Hughes,31461 Samantha Prairie Apt. 882,harveyjay,175,Illinois,Bradleyburgh,Turner Radial,2008-02-22,18,NC,35.759573,-79.0193,North Carolina
80,Michelle Hicks,60362 Nicolas Ridges Suite 316,melanie28,79939,Arizona,Bryantton,Ricardo Park,2006-09-13,65,ND,47.551493,-101.002012,North Dakota
81,Jon Macdonald,48666 Rodriguez Vista Suite 521,smithjustin,77508,Minnesota,Port Patrick,Elizabeth Forge,2016-02-12,56,NE,41.492537,-99.901813,Nebraska
82,Jacqueline Davis,982 James Estate Suite 235,adowns,141,California,Johnsonchester,Matthew Square,2012-08-13,83,NH,43.193852,-71.572395,New Hampshire
83,Olivia Collins,079 Jerry Mills,whunt,1696,Florida,Thompsonland,Christina Stream,2007-08-13,35,NJ,40.058324,-74.405661,New Jersey
84,Meagan Price,884 Amber Track,william32,5,California,Stewarttown,Diana Row,2019-12-31,73,NM,34.97273,-105.032363,New Mexico
85,Steven Nunez,6692 Justin Landing,ejohnson,5183,Virginia,New Mariaport,Melissa River,2017-10-02,58,NV,38.80261,-116.419389,Nevada
86,Julia Rodriguez,906 Rodriguez Cape,mscott,87285,Kansas,North Lawrence,Miller Extensions,2009-03-28,72,NY,43.299428,-74.217933,New York
87,Robert Avila,8232 Bowman River,taylor77,3891,South Dakota,West Kevin,David Locks,2002-11-04,83,OH,40.417287,-82.907123,Ohio
88,Katrina Price,38498 Young Knolls Suite 025,hsanchez,493,New Hampshire,Kathyhaven,Douglas Dale,2002-04-27,37,OK,35.007752,-97.092877,Oklahoma
89,Dennis Green,75347 Brown Expressway,billy38,117,Georgia,Port Bradleyfort,Watson Extension,2002-02-22,57,OR,43.804133,-120.554201,Oregon
90,Eric Bennett,2885 Clark Keys,julia43,3669,Connecticut,Cassandrafort,Lauren Spring,2017-12-18,27,PA,41.203322,-77.194525,Pennsylvania
91,Carlos Rivas,41935 Colton Spring Apt. 725,walterdanielle,32322,Pennsylvania,South Kimberly,Stephen Rapids,2001-08-04,55,PR,18.220833,-66.590149,Puerto Rico
92,Linda Hernandez,67827 Aguilar Forge Suite 690,bgonzalez,228,Colorado,Port Leviville,Barbara Ports,2012-04-23,82,RI,41.580095,-71.477429,Rhode Island
93,Thomas Howard,126 Morgan Summit,david17,456,North Carolina,Staffordborough,Richard Neck,2000-02-17,89,SC,33.836081,-81.163725,South Carolina
94,Jason Wells,92786 Lisa Parks Apt. 608,thompsongary,96321,Georgia,Obrienport,Bass Islands,2017-08-20,52,SD,43.969515,-99.901813,South Dakota
95,Tiffany Parker,636 Edward Lakes,warrenelizabeth,887,Minnesota,Hudsonberg,Shane Brook,2015-12-28,88,TN,35.517491,-86.580447,Tennessee
96,Stacy Hurley,7580 Berry Plaza,jack89,111,Montana,Walkerview,Bautista Shore,2008-06-23,40,TX,31.968599,-99.901813,Texas
97,Anthony Hayes,756 Baker Forks Apt. 308,joshuawatson,21680,Kentucky,Steinland,Morgan Mountains,2000-10-24,18,UT,39.32098,-111.093731,Utah
98,Desiree Stevenson,968 Schwartz Route Apt. 940,carla19,34650,Rhode Island,Gonzalesfort,Charles Glen,2004-07-25,81,VA,37.431573,-78.656894,Virginia
99,Suzanne Gilbert,5250 Angela Cliffs,richardvasquez,4786,Maryland,Copelandport,Sutton Island,2009-08-05,80,VT,44.558803,-72.577841,Vermont
100,Christina Jarvis,42877 Edwards Track Apt. 622,carrilloeric,430,Kentucky,Larryside,Troy Grove,2001-08-08,76,WA,47.751074,-120.740139,Washington
101,Melissa Lee,39191 Kimberly Walk Apt. 566,colemanpatrick,27959,Washington,Jamesburgh,Crane Coves,2007-04-19,16,WI,43.78444,-88.787868,Wisconsin
102,Joseph Dickson,673 Blankenship Course,farmerdylan,881,Hawaii,New Katherinehaven,Alexandria Landing,2012-03-17,67,WV,38.597626,-80.454903,West Virginia
103,Robert Morse,8281 Jamie Ford Apt. 385,christinezhang,241,Utah,Rothhaven,Dillon Springs,2007-03-24,23,WY,43.075968,-107.290284,Wyoming
104,Elizabeth Miller,945 Allen Freeway,johnny36,93472,Utah,East Amandachester,Nicholas Flat,2011-03-10,44,AK,63.588753,-154.493062,Alaska
105,Robert Smith,944 James Square Apt. 980,greennicholas,89851,Florida,South Jerryville,Thompson Vista,2010-05-15,32,AL,32.318231,-86.902298,Alabama
106,Gloria Jones,862 Nguyen Road,katelyn97,23162,North Carolina,South Katherinemouth,Kelley Plaza,2011-04-27,58,AR,35.20105,-91.831833,Arkansas
107,Rebecca Hughes,37888 Thomas Junctions,christopherhall,955,Texas,Port Robert,Julie Estate,2006-06-20,81,AZ,34.048928,-111.093731,Arizona
108,Robin Moreno,4117 Michael Cove Suite 569,grahamtodd,6829,Michigan,Gregoryborough,Jones Flats,2021-04-12,53,CA,36.778261,-119.417932,California
109,Tyler Brewer,2846 Powers Shore,watsonjames,2006,Maryland,Williamshaven,Cummings Passage,2006-06-30,45,CO,39.550051,-105.782067,Colorado
110,Katrina Montgomery,158 Davis Plains Suite 117,joelrobinson,1438,Arkansas,North Christopherstad,Kathy Overpass,2000-12-21,36,CT,41.603221,-73.087749,Connecticut
111,Gerald Odom DDS,85771 Klein Well,john86,723,Rhode Island,Lake Erin,Sarah Mission,2018-06-19,43,DC,38.905985,-77.033418,District of Columbia
112,Catherine Smith,0181 Phillips Wall,richardbrown,6411,Virginia,North Samanthatown,James Lane,2000-04-22,22,DE,38.910832,-75.52767,Delaware
113,Jessica Briggs,30793 Nicholas Estates Suite 750,meganleonard,67686,Alaska,New Amber,Jeremy Forks,2022-03-13,81,FL,27.664827,-81.515754,Florida
114,Nathaniel Smith,968 Blankenship Meadows,michelledavid,227,Nebraska,West Shelley,Franklin Forks,2006-12-15,19,GA,32.157435,-82.907123,Georgia
115,Stacey Edwards,34428 Kevin Mews Apt. 228,denise47,9843,Missouri,Garretthaven,Jacob Trail,2013-07-11,38,HI,19.898682,-155.665857,Hawaii
116,Amber Campbell,6977 Sherry Ridges Suite 292,vmay,73491,Alaska,North Jeffery,Lawson Ferry,2006-06-12,27,IA,41.878003,-93.097702,Iowa
117,Emily Choi,729 Norris Cliff,anthony35,9767,New Hampshire,Edwinstad,Sophia Via,2016-05-18,29,ID,44.068202,-114.742041,Idaho
118,James Garza,16270 Graves Villages Suite 380,eanderson,387,Pennsylvania,West Jillbury,Hernandez Pines,2016-10-09,80,IL,40.633125,-89.398528,Illinois
119,Jessica Spears,60959 Jefferson Rue Apt. 742,dmosley,122,South Carolina,North Robertview,Lee Cliffs,2017-01-10,80,IN,40.551217,-85.602364,Indiana
120,Beth Whitehead,51080 Barber Lakes,jason42,5236,South Carolina,Nicolechester,Galvan Path,2002-09-12,67,KS,39.011902,-98.484246,Kansas
121,Timothy Johnson,96443 Lisa Bridge Apt. 491,philip63,472,Texas,Kyletown,Sullivan Mountains,2007-06-22,87,KY,37.839333,-84.270018,Kentucky
122,Alison Johnson,6064 Dana Shore Suite 153,baileyandrea,70441,California,Skinnermouth,Scott Way,2001-05-03,43,LA,31.244823,-92.145024,Louisiana
123,Christopher Young,475 Thomas Plaza,joserobinson,93202,New Hampshire,Adkinsburgh,Hernandez Locks,2017-06-15,77,MA,42.407211,-71.382437,Massachusetts
124,Nicholas Briggs,834 Bennett Place Suite 071,hayneskenneth,43420,Wyoming,Dylanbury,Clark Overpass,2022-05-30,29,MD,39.045755,-76.641271,Maryland
125,Shannon Gray,059 Monique Mission Suite 518,heatherbarnes,750,New Mexico,Lake Patrick,Jenny Gardens,2021-10-01,41,ME,45.253783,-69.445469,Maine
126,Mariah Mejia,7878 Cristina Lights,jeffrey64,244,Vermont,Lopezhaven,Fry Summit,2002-08-27,88,MI,44.314844,-85.602364,Michigan
127,Pamela Hall,10388 Williams Turnpike,jamesmichael,4706,New York,East Danielport,Adams Place,2022-02-19,56,MN,46.729553,-94.6859,Minnesota
128,Dawn Ross,3300 Snow Centers Apt. 837,hernandeztravis,165,West Virginia,Whiteborough,Cynthia Fork,2004-05-31,63,MO,37.964253,-91.831833,Missouri
129,Kristin Davila,86906 Monica Meadow,ryoung,93326,Wisconsin,Stokesburgh,Lara Spring,2018-04-17,68,MS,32.354668,-89.398528,Mississippi
130,Kaitlyn Miller,763 Stafford Haven,wendylopez,9550,West Virginia,West Brandonland,Flores Orchard,2007-03-30,53,MT,46.879682,-110.362566,Montana
131,Matthew Lopez,1136 Wheeler Trail,thomas01,5690,Texas,Joelside,Hogan Mills,2014-12-27,77,NC,35.759573,-79.0193,North Carolina
132,Glen Lowe,351 Kevin Pine,malonestacy,237,Montana,Rickeystad,Jennifer Estate,2007-10-10,46,ND,47.551493,-101.002012,North Dakota
133,Jeremy Brown,06284 Brenda Junctions Apt. 554,evansjohn,6014,Hawaii,Leeshire,Collins Mount,2013-01-25,69,NE,41.492537,-99.901813,Nebraska
134,Audrey Roth,35618 French Rue Apt. 145,xprice,463,Montana,Allenfort,Jack Field,2013-08-02,30,NH,43.193852,-71.572395,New Hampshire
135,Karen Sanders,76032 James Ports Suite 666,marcus36,923,Mississippi,Lake Kyleland,Sharp Park,2010-02-09,86,NJ,40.058324,-74.405661,New Jersey
136,Emily Patterson,06075 Danielle Wells Suite 701,ryanbarber,607,Oregon,Jessicachester,Christopher Underpass,2017-02-04,70,NM,34.97273,-105.032363,New Mexico
137,Anthony Smith,526 Ashley Mission Suite 704,abigail23,55,Kentucky,North William,Melanie Common,2014-02-26,66,NV,38.80261,-116.419389,Nevada
138,Michele Roach,90076 Samuel Mountain Suite 210,allisonperez,47230,Indiana,Ramirezport,Mary Overpass,2009-11-23,17,NY,43.299428,-74.217933,New York
139,Adam Murphy,8083 Gabriel Ports,ejohnson,59921,Delaware,Lake Carolburgh,Jensen Bridge,2022-01-24,58,OH,40.417287,-82.907123,Ohio
140,Julie Solis,612 White Mission,floreskim,49149,Maryland,Veronicaport,Hill Mountains,2000-08-07,16,OK,35.007752,-97.092877,Oklahoma
141,Laurie Smith,52257 Ray Pike Suite 766,hashley,90590,Kentucky,Patrickmouth,Melissa Estates,2012-03-18,53,OR,43.804133,-120.554201,Oregon
142,Lindsey Mercado DDS,2854 Daniels Prairie,meghan28,618,South Dakota,West Anthonyfurt,Sara Lodge,2007-04-13,29,PA,41.203322,-77.194525,Pennsylvania
143,Audrey Vang,573 Moon Fords,brooke40,41,Arkansas,South Morganberg,Huynh Row,2001-03-26,52,PR,18.220833,-66.590149,Puerto Rico
144,Jennifer Gilbert,08062 Christopher Cape,christine27,4148,Wyoming,New Johnny,Alyssa Run,2019-11-12,55,RI,41.580095,-71.477429,Rhode Island
145,Michelle Hunter,7627 Wilson Fall,susanhall,71997,Massachusetts,Olsonbury,Baker Place,2007-09-13,30,SC,33.836081,-81.163725,South Carolina
146,Daisy Larson,09374 David Highway,andreacollins,278,Indiana,Aguirremouth,Aaron Brook,2006-02-23,22,SD,43.969515,-99.901813,South Dakota
147,Heather Mendoza,261 Guerrero Lake Apt. 030,hwillis,8232,Utah,Mirandamouth,Williams Corner,2011-08-23,81,TN,35.517491,-86.580447,Tennessee
148,Tammy Mccormick,564 Marsh Lights Suite 043,wolfchase,8090,Oregon,North Madison,Young Squares,2004-10-15,32,TX,31.968599,-99.901813,Texas
149,Jeffrey Farmer,94321 West Bypass,jordanjessica,15247,Minnesota,Lake Christina,Landry Oval,2006-07-05,72,UT,39.32098,-111.093731,Utah
150,Justin Bruce,4089 Denise Groves,morganjohnson,840,New Jersey,East Ashleyland,Christina Shoals,2003-06-23,20,VA,37.431573,-78.656894,Virginia
151,John Stewart,01900 Hooper Points Apt. 220,mcintoshjohn,41175,Connecticut,Smithview,Adams Cove,2002-04-28,41,VT,44.558803,-72.577841,Vermont
152,Dr. Tracie Hall,598 Ashley Courts Apt. 436,tsmith,2993,Hawaii,Peterburgh,Jason Heights,2005-10-19,71,WA,47.751074,-120.740139,Washington
153,Benjamin Sampson,2999 Austin Mews,kevinrodgers,949,Wisconsin,New George,Rodriguez Inlet,2022-06-26,20,WI,43.78444,-88.787868,Wisconsin
154,Juan Clark,748 Gregory Locks,frankwilliams,9525,Iowa,Port Sharonport,Stephen Neck,2003-01-16,54,WV,38.597626,-80.454903,West Virginia
155,Lisa Francis,9066 Thomas Knoll,howardjeremy,9912,Connecticut,Port Chad,James Lodge,2015-05-28,19,WY,43.075968,-107.290284,Wyoming
156,Keith Bishop,3444 Williams Vista,nlittle,488,New York,Lake Joseph,John Forest,2020-10-08,54,AK,63.588753,-154.493062,Alaska
157,Samantha Mcmahon,780 Jones Locks Apt. 440,thomasvalerie,567,North Dakota,Lake Zacharyborough,Gary Isle,2013-10-17,25,AL,32.318231,-86.902298,Alabama
158,Peter Mendez,1403 Dunn Gateway Suite 871,lawrenceayala,789,Virginia,Lewisstad,Cook Garden,2000-06-20,18,AR,35.20105,-91.831833,Arkansas
159,Paige Myers,2780 Martin Corner,marissanelson,7661,New York,Port Connie,Payne Falls,2013-05-21,54,AZ,34.048928,-111.093731,Arizona
160,Jerry Wise,063 Cassandra Turnpike Suite 865,eduardowilson,591,Wisconsin,Joshuaville,Thomas Wells,2018-02-15,32,CA,36.778261,-119.417932,California
161,Stephanie Morris,464 Joseph Green Apt. 206,jerry81,254,Vermont,West Michaeltown,Savage Station,2005-02-08,58,CO,39.550051,-105.782067,Colorado
162,Charles Skinner,511 Crystal Freeway,alisonburns,62023,Washington,West Mary,Chandler Harbors,2020-09-05,86,CT,41.603221,-73.087749,Connecticut
163,Sharon Rodriguez,254 Anthony Ranch Suite 134,qjohnson,792,Kansas,Mendozaland,Gray Mall,2015-10-03,37,DC,38.905985,-77.033418,District of Columbia
164,Robert Patterson,57922 Burgess Mission,jamesgary,300,Wyoming,Mcculloughberg,Cowan Avenue,2002-07-12,56,DE,38.910832,-75.52767,Delaware
165,Amy Lee,140 Gordon Knolls,cperez,2991,Maine,Lake Hailey,Harris Estates,2010-03-14,60,FL,27.664827,-81.515754,Florida
166,Rickey Pratt,8405 Pollard Meadows Apt. 934,josemills,571,Wyoming,Ericberg,Herrera Springs,2000-05-02,84,GA,32.157435,-82.907123,Georgia
167,Lauren King MD,076 Fletcher Tunnel,benjamin64,4880,New Mexico,South Jessica,Ryan Circle,2018-11-27,32,HI,19.898682,-155.665857,Hawaii
168,Sharon Williams,9075 English Plains Apt. 091,audrey75,491,Tennessee,Annastad,Richard Dale,2021-05-08,34,IA,41.878003,-93.097702,Iowa
169,Laura Huang,22910 Mccullough Spring,ryan53,15535,Alabama,Port Stevenmouth,Christine Lodge,2016-07-17,71,ID,44.068202,-114.742041,Idaho
170,Brandon Michael,7264 Natalie Place Apt. 322,ashaw,857,Vermont,Collinsfurt,Sandra Dale,2010-07-10,37,IL,40.633125,-89.398528,Illinois
171,Michelle Thomas,2723 Bass Lights,matthew53,973,New York,Jacquelinebury,Haley Pine,2018-12-23,68,IN,40.551217,-85.602364,Indiana
172,Kristi Burnett,1306 Walker Point,fernandezsamantha,8755,Maryland,Chaseton,Diane Motorway,2020-07-07,21,KS,39.011902,-98.484246,Kansas
173,Jason Smith,75582 Phillip Rapid,jenniferthompson,74778,Mississippi,East Tyronetown,Rodgers Cape,2019-10-16,74,KY,37.839333,-84.270018,Kentucky
174,Olivia Johnson,0302 Robert Spring Apt. 385,ohartman,82,Kentucky,North Crystalport,Henry Heights,2019-10-18,46,LA,31.244823,-92.145024,Louisiana
175,Richard Bray,099 Melissa Mountain,devon02,57357,Kansas,Mitchellside,Montgomery Estates,2012-10-21,69,MA,42.407211,-71.382437,Massachusetts
176,Paige Castillo,17342 Arias Brooks Suite 054,qmanning,622,New Jersey,North Johnfurt,Michael Avenue,2009-10-22,44,MD,39.045755,-76.641271,Maryland
177,Angel Vazquez,3905 Perry Roads,harringtonsamantha,11859,Pennsylvania,North Lucasfort,Rogers Lodge,2017-12-22,50,ME,45.253783,-69.445469,Maine
178,Rachel Lambert,516 Woods Keys,michelleowen,3639,Idaho,New Daisy,Brittany Plain,2009-07-28,41,MI,44.314844,-85.602364,Michigan
179,Michael Dennis,726 Allen Courts Apt. 987,darlene98,505,New Jersey,Sandraside,Cantu Garden,2003-01-07,83,MN,46.729553,-94.6859,Minnesota
180,Blake Villegas,7895 Franklin Squares Apt. 194,brian30,71808,Oklahoma,Tanyaside,Floyd Field,2020-11-30,74,MO,37.964253,-91.831833,Missouri
181,Justin Brandt,3798 Adrienne Grove,ballmark,11,Georgia,Williamsstad,Cole Dam,2006-08-17,37,MS,32.354668,-89.398528,Mississippi
182,Dr. April Melton,715 Kelly Trafficway,stephaniejohnson,3685,Mississippi,Hamiltonbury,Werner Flats,2020-08-03,19,MT,46.879682,-110.362566,Montana
183,Mr. Shawn Montgomery,860 Leslie Shores Apt. 038,jacquelinedominguez,47014,Indiana,South Rebeccaborough,Sanchez Terrace,2006-02-13,31,NC,35.759573,-79.0193,North Carolina
184,Jennifer Lee,79397 Jennifer Parks Apt. 625,rvance,971,Idaho,Port Kimberlyville,Matthews Corner,2009-06-02,82,ND,47.551493,-101.002012,North Dakota
185,Victoria Foley,879 Melendez Mall,lgoodwin,266,Wisconsin,Michaelborough,Ricardo Unions,2021-06-14,76,NE,41.492537,-99.901813,Nebraska
186,Gregory Guerrero,774 Kennedy Locks Apt. 645,brent70,338,Georgia,Port Cassandrabury,Jones Place,2013-08-10,28,NH,43.193852,-71.572395,New Hampshire
187,Carol Martinez,18645 Leonard Orchard Suite 145,kjuarez,83,Rhode Island,South Leslie,English Tunnel,2012-03-04,34,NJ,40.058324,-74.405661,New Jersey
188,Jill Jones,656 Watts Passage,lindarodriguez,43644,South Carolina,West Paul,Melinda Shoal,2000-02-03,80,NM,34.97273,-105.032363,New Mexico
189,Cassandra Kaufman,452 Cynthia Mountain Suite 028,sharris,1710,North Dakota,Robinsonburgh,Catherine Dam,2019-09-20,44,NV,38.80261,-116.419389,Nevada
190,Cesar Beard,85818 Margaret Islands Apt. 774,hsmith,502,New Hampshire,West Ericshire,Cathy Summit,2016-06-06,16,NY,43.299428,-74.217933,New York
191,Jay Fernandez,6541 White Place Apt. 027,destinypowell,89101,New Jersey,Lake Rachelmouth,Prince Union,2004-04-20,48,OH,40.417287,-82.907123,Ohio
192,Gwendolyn Green,836 Jeffery Club,lgutierrez,2767,Colorado,Lake Craigchester,Paul Gateway,2001-01-19,25,OK,35.007752,-97.092877,Oklahoma
193,Christian James,27335 Hayes Islands,myersbrian,19,Nebraska,Lake Lauraport,Warren Dam,2021-01-11,54,OR,43.804133,-120.554201,Oregon
194,Donald Cook,38366 Cesar Fields,tonymelendez,84448,Michigan,New Marymouth,Meyer Park,2016-09-02,85,PA,41.203322,-77.194525,Pennsylvania
195,Maria Harris,700 Jones Walks,rodriguezkimberly,56047,Iowa,New Andreaborough,Luis Bypass,2014-07-19,57,PR,18.220833,-66.590149,Puerto Rico
196,Robert Davis,95223 Traci Path Apt. 897,melissa61,777,Virginia,West Adamhaven,Castro Passage,2016-02-27,47,RI,41.580095,-71.477429,Rhode Island
197,Keith Cook,63104 Krueger Manor,anna16,7686,Oregon,Staceymouth,Williams Corners,2007-03-07,63,SC,33.836081,-81.163725,South Carolina
198,Lisa Gardner,5623 Durham Lock,kellibowen,953,Wyoming,North Anthony,Thomas Lake,2012-11-09,19,SD,43.969515,-99.901813,South Dakota
199,Kevin Steele,0846 Snyder Trace,duranjoshua,6005,Idaho,Lake Kathryn,Cooke Bypass,2007-09-18,57,TN,35.517491,-86.580447,Tennessee
200,Joshua Walker,968 Davies Oval Suite 698,diana38,727,Delaware,South Theresa,Clark Passage,2008-09-22,19,TX,31.968599,-99.901813,Texas
201,Andre Morris,8395 Fisher Coves Apt. 837,glassjohn,187,Washington,Stevenland,Jennings Island,2002-07-10,67,UT,39.32098,-111.093731,Utah
202,Michelle Burns,6593 Shannon Stravenue Apt. 633,john85,646,Texas,Amymouth,Thompson Junctions,2001-06-08,88,VA,37.431573,-78.656894,Virginia
203,Nathan Williams,18541 Rebecca Drives Apt. 237,pattersonmelissa,345,Montana,Timothyburgh,Leonard Avenue,2004-02-12,82,VT,44.558803,-72.577841,Vermont
204,Emily Clark,959 Taylor Squares,jeffreysantiago,17099,Maryland,Greenborough,Brown Club,2011-12-07,18,WA,47.751074,-120.740139,Washington
205,Erica Gardner,625 Kristopher Knoll,john89,85245,South Dakota,New Kristy,Elizabeth Forest,2002-06-25,70,WI,43.78444,-88.787868,Wisconsin
206,Travis Cortez,5856 Jacob Row Apt. 578,lesliewhite,3103,Nevada,Port Cindybury,Myers Ramp,2018-10-04,90,WV,38.597626,-80.454903,West Virginia
207,James Cooper,600 Kennedy Row Apt. 751,lauramunoz,74500,Maryland,Williamston,Steven Manors,2012-06-29,42,WY,43.075968,-107.290284,Wyoming
208,Lawrence Tapia,463 Hill Manor,elliottcory,194,Tennessee,Tinaburgh,Willis Plains,2004-02-23,64,AK,63.588753,-154.493062,Alaska
209,Tristan Jackson,20734 Shawn Island,xanthony,994,Florida,Justinville,Roberts Union,2012-09-24,18,AL,32.318231,-86.902298,Alabama
210,Kyle Henderson,4805 Fernandez Wall Suite 204,rachelsalinas,2756,Kansas,East Alecberg,Nathan Divide,2005-11-02,37,AR,35.20105,-91.831833,Arkansas
211,Joshua Castro,89438 Michelle Row Apt. 655,jennifer56,49860,Indiana,Tamiborough,Bruce Well,2017-06-16,65,AZ,34.048928,-111.093731,Arizona
212,Mike Mcclain,6098 Randall Mountains Suite 141,troy24,611,California,West Carlyhaven,Randy Springs,2019-02-16,55,CA,36.778261,-119.417932,California
213,Julie Miller,7615 Johnson Lane Apt. 933,dennis44,7253,South Dakota,West Rebecca,Johnny Summit,2005-02-18,37,CO,39.550051,-105.782067,Colorado
214,Zachary Friedman,7733 Moore Loop Suite 062,madisongomez,5386,Illinois,South Jenna,Torres River,2016-03-11,43,CT,41.603221,-73.087749,Connecticut
215,Wendy Henry,514 Thomas Lights,hnewman,357,North Carolina,North Jonathan,Cook Vista,2002-12-31,59,DC,38.905985,-77.033418,District of Columbia
216,Eric Johnson,15612 Olson Curve Suite 342,carl99,5219,Massachusetts,New Oliviafort,Krueger Vista,2009-01-13,21,DE,38.910832,-75.52767,Delaware
217,Matthew Vaughn,060 Sara Fork,thomas94,77274,North Carolina,Davisfurt,Donald Bypass,2005-05-19,61,FL,27.664827,-81.515754,Florida
218,Casey Thomas,019 Stanley Turnpike Suite 071,harristheodore,69739,Arizona,Marymouth,Moore Route,2013-12-31,33,GA,32.157435,-82.907123,Georgia
219,Caitlyn Green,84761 Kelly Crest Suite 418,iscott,3228,Massachusetts,Port Michele,Lisa Roads,2010-06-23,34,HI,19.898682,-155.665857,Hawaii
220,Joshua Mcguire,388 Danny Key,kimberlycastro,4765,Oklahoma,Estradabury,Mary Vista,2008-12-06,65,IA,41.878003,-93.097702,Iowa
221,Christopher Hall,19105 Pratt Cliff,rebeccamcintosh,396,Georgia,Allenshire,Phillips Lodge,2000-01-25,84,ID,44.068202,-114.742041,Idaho
222,Richard Miranda,5749 Norman Forges,waguilar,225,Wisconsin,Port Mark,Middleton Fort,2015-05-01,83,IL,40.633125,-89.398528,Illinois
223,Christopher Savage,369 Gabriel Divide,yvonneturner,4970,Arkansas,Millermouth,Anthony Walk,2001-12-31,78,IN,40.551217,-85.602364,Indiana
224,Kevin Turner,07276 Reyes Island,nathaniel32,90364,Wisconsin,North Troystad,Shaffer Plaza,2018-05-01,44,KS,39.011902,-98.484246,Kansas
225,John Gilbert,86602 Angela Freeway,reneekelly,11845,Maine,North Johnland,Rogers Forge,2015-12-05,26,KY,37.839333,-84.270018,Kentucky
226,John Mosley,91380 Rangel Views Apt. 014,jamesramirez,284,Alaska,Teresamouth,Carolyn Plaza,2000-08-16,59,LA,31.244823,-92.145024,Louisiana
227,Nicholas Frey,74534 Conway Motorway,leeandrew,4794,Virginia,Cooperfort,Rodriguez Trail,2019-04-13,32,MA,42.407211,-71.382437,Massachusetts
228,James Perkins,44864 Boone Springs Suite 629,njames,153,Texas,Michaelmouth,Garcia Underpass,2000-03-19,23,MD,39.045755,-76.641271,Maryland
229,Tiffany Beltran,600 Lisa Cape Suite 811,kirk95,158,Nebraska,New Sarahmouth,Walter Inlet,2011-02-15,56,ME,45.253783,-69.445469,Maine
230,Anne Christensen,3733 Goodman Extensions Suite 692,heather96,6953,Iowa,Petersport,Howard Center,2016-01-24,20,MI,44.314844,-85.602364,Michigan
231,Tracy Myers,0833 James Via,jjohnson,4527,Minnesota,Schmidtshire,Clark Manor,2007-04-06,86,MN,46.729553,-94.6859,Minnesota
232,Frederick Vargas DDS,684 Mitchell Spurs Apt. 687,hcortez,6140,California,Deniseton,Andrew Rapids,2010-05-27,80,MO,37.964253,-91.831833,Missouri
233,Kathy Wolfe,9482 David Streets Apt. 506,amandamitchell,549,Texas,Tammyshire,Nicole Village,2017-04-08,74,MS,32.354668,-89.398528,Mississippi
234,Mr. Michael Thompson,0428 Jessica Loop Apt. 447,douglasclaudia,4598,Wyoming,East Teresa,Davis Mountains,2005-04-12,35,MT,46.879682,-110.362566,Montana
235,Charles Ball,268 Jeffrey Lane Suite 671,marshallleslie,4874,Oregon,Jasonborough,Rios Burgs,2011-10-05,25,NC,35.759573,-79.0193,North Carolina
236,Alyssa Arellano,85292 Bauer Hollow Suite 461,philip75,56410,Ohio,Lake James,Duncan Rapids,2005-03-18,25,ND,47.551493,-101.002012,North Dakota
237,Stephanie Burnett,9576 Michael Burgs Apt. 312,williamsstephanie,86607,Tennessee,Johnbury,Cruz Islands,2001-03-25,53,NE,41.492537,-99.901813,Nebraska
238,Michele Richards,4919 Jones Stravenue Suite 459,banthony,5574,Connecticut,Jeremybury,Rachel Place,2012-02-20,68,NH,43.193852,-71.572395,New Hampshire
239,Joseph Allen,5174 Brown Course Suite 334,uclark,2767,Florida,North John,Kelly Pine,2007-12-03,39,NJ,40.058324,-74.405661,New Jersey
240,Beth Waller,5015 James Junctions Suite 250,scottlivingston,818,Montana,Walkertown,Blake Isle,2001-06-21,44,NM,34.97273,-105.032363,New Mexico
241,Gregory Decker,343 Tina Lodge Suite 750,lopezdawn,355,Hawaii,North Amber,Catherine Passage,2001-09-16,63,NV,38.80261,-116.419389,Nevada
242,Kenneth Baldwin,08414 Justin Shore Apt. 970,vincent46,3954,Alaska,New Kathrynland,Smith Ports,2019-05-10,49,NY,43.299428,-74.217933,New York
243,Tom Mercer,20240 Olivia Rapid Apt. 416,veronica06,73461,Washington,North Danielberg,Justin Groves,2015-08-12,72,OH,40.417287,-82.907123,Ohio
244,James Beck MD,1208 Paula Prairie,susan24,69,Texas,Shafferborough,Michael Burgs,2020-01-21,57,OK,35.007752,-97.092877,Oklahoma
245,David Reilly,7925 Oliver Land Suite 363,webbsydney,300,Idaho,South Kimberly,Schwartz Street,2021-03-24,30,OR,43.804133,-120.554201,Oregon
246,Edward Morgan MD,89695 Keith Garden,ann74,64027,Wyoming,New Cynthia,Keith Corner,2014-01-09,82,PA,41.203322,-77.194525,Pennsylvania
247,Rita Mills,250 Hill Manor Suite 674,acampbell,77581,Idaho,North Jill,Matthew Mills,2009-01-12,38,PR,18.220833,-66.590149,Puerto Rico
248,Jeffrey Garcia,9486 Bonnie Cape,alexis00,365,West Virginia,Port Kimberly,Mosley Pike,2014-08-23,88,RI,41.580095,-71.477429,Rhode Island
249,Joshua Ball,67163 Ryan Rest Suite 531,jean97,5984,North Dakota,Ryanfort,Wallace Heights,2001-01-02,80,SC,33.836081,-81.163725,South Carolina
250,Troy Potts,656 Bell Crossroad Apt. 036,weavervincent,15253,New Jersey,West Timothyport,Charlotte Summit,2014-03-12,46,SD,43.969515,-99.901813,South Dakota
251,Brad May,0738 Larson Extensions Suite 465,lesliedavis,672,Tennessee,Robertomouth,Smith Forest,2014-12-27,62,TN,35.517491,-86.580447,Tennessee
252,Jennifer Bryant,588 Washington Isle Suite 568,bmitchell,574,New Mexico,Michaelmouth,Hebert Circles,2000-10-20,61,TX,31.968599,-99.901813,Texas
253,Sue Turner,6808 Moore Lodge,robert58,47005,Delaware,Kylefort,Li Drive,2011-04-29,56,UT,39.32098,-111.093731,Utah
254,Holly Sherman,322 Holt Falls,nathan12,5698,Oklahoma,Stephensontown,Bill Junction,2022-06-03,70,VA,37.431573,-78.656894,Virginia
255,Barbara Warren,620 Brett Gardens Suite 580,williamsalexandra,7553,Washington,Lake Kimberly,Hill Wall,2014-12-10,47,VT,44.558803,-72.577841,Vermont
256,Julie Clark,73280 Greene Road Suite 938,michelleescobar,78648,Texas,South Zachary,Fields Union,2016-05-29,32,WA,47.751074,-120.740139,Washington
257,John Moore,8160 Cody Highway Suite 176,laura57,481,Wisconsin,West Steven,Smith Spur,2013-06-24,88,WI,43.78444,-88.787868,Wisconsin
258,Diane Franco,40413 Bowers Junction,conleypaul,32699,Iowa,Perkinsland,Laura Avenue,2002-07-19,19,WV,38.597626,-80.454903,West Virginia
259,Desiree Rodriguez,193 Anthony Green,wwood,738,Vermont,Ericmouth,Adam Skyway,2009-11-18,47,WY,43.075968,-107.290284,Wyoming
260,Jeffrey Martinez,13456 Brent Plaza Apt. 352,ostewart,850,California,North Andreabury,Hernandez Shores,2021-10-16,60,AK,63.588753,-154.493062,Alaska
261,Charles Watson,402 Teresa Turnpike Suite 294,philip45,860,Indiana,New Seanstad,Barrett Land,2003-04-11,72,AL,32.318231,-86.902298,Alabama
262,Bob Potter,62024 Christina Pine,whitneywebb,22432,South Dakota,East Scott,Stephen Mill,2003-03-10,81,AR,35.20105,-91.831833,Arkansas
263,Nicole Hammond,511 Nicole Forges Apt. 902,grantalexander,539,New York,South Danielle,Barnes Via,2015-06-13,55,AZ,34.048928,-111.093731,Arizona
264,Brian Miller,36192 Bryan Mountains,egreen,81444,North Dakota,Michaelview,Flynn Pines,2015-12-10,45,CA,36.778261,-119.417932,California
265,Lisa Graham,40465 Angela Terrace,izhang,6465,North Dakota,Meaganville,Montoya Club,2022-01-17,19,CO,39.550051,-105.782067,Colorado
266,Cheryl Wall,8543 Munoz Fork Suite 325,jparks,5171,New York,Watsonside,Gordon Brooks,2015-06-10,47,CT,41.603221,-73.087749,Connecticut
267,Stephanie Jones,210 Moore Summit,tracygilmore,6979,Wisconsin,Clarkeview,Lawrence Wells,2020-06-03,88,DC,38.905985,-77.033418,District of Columbia
268,Gwendolyn Wilson,04623 Orr View,ejohnston,2295,Iowa,Stevehaven,Wallace Spur,2004-03-28,49,DE,38.910832,-75.52767,Delaware
269,Daniel Griffin,51168 Christopher Union Suite 172,bthornton,962,Oklahoma,Kathleenfurt,Sarah Plains,2003-10-22,30,FL,27.664827,-81.515754,Florida
270,Dennis Todd,056 Heather Stravenue,christopherking,8552,Texas,West Jenniferbury,Darryl Meadow,2018-10-10,24,GA,32.157435,-82.907123,Georgia
271,Randy Moore,04263 Barron Circles Suite 005,smithjamie,78283,Indiana,Lake Thomastown,Lisa Brooks,2012-05-03,31,HI,19.898682,-155.665857,Hawaii
272,Melinda Jenkins,631 Richards Lodge Suite 253,wrightaustin,9739,New Hampshire,Knightton,Traci Lake,2012-04-12,67,IA,41.878003,-93.097702,Iowa
273,Megan Adams,407 Brenda Turnpike,patriciafarmer,44193,Florida,West Tammyside,Anthony Junctions,2010-02-08,64,ID,44.068202,-114.742041,Idaho
274,Sarah Lozano,9186 James Wells,eford,84439,Ohio,Julieborough,Victoria Garden,2009-10-13,69,IL,40.633125,-89.398528,Illinois
275,Jennifer Boyd,925 Joseph Pines,melissacole,885,Colorado,Paulmouth,Hicks Coves,2006-11-16,38,IN,40.551217,-85.602364,Indiana
276,Yvonne Galvan,137 Robert Mall Suite 216,vancelinda,15568,Montana,West Carol,Tina Station,2013-09-07,60,KS,39.011902,-98.484246,Kansas
277,Darren Woodward,041 Samantha Landing Apt. 401,andrew28,10517,Rhode Island,Williamschester,Lauren Island,2006-10-09,18,KY,37.839333,-84.270018,Kentucky
278,Samantha White,114 Watts Squares,derrickmays,50228,New Hampshire,Danieltown,Victoria Oval,2016-03-10,19,LA,31.244823,-92.145024,Louisiana
279,Charles Harrington,302 Michelle Meadows,cynthia50,5529,New Mexico,Lake Robertfort,Vickie Branch,2015-06-22,72,MA,42.407211,-71.382437,Massachusetts
280,Bailey Gallagher,397 Timothy Prairie,kwilliams,8891,Massachusetts,Jasonfort,Shawn Crossing,2019-10-11,58,MD,39.045755,-76.641271,Maryland
281,Bradley Cook,897 Shaffer Roads Apt. 612,williegoodman,7669,New York,South Jonathan,Farmer Light,2004-05-27,70,ME,45.253783,-69.445469,Maine
282,Joseph Garrett,071 Anne Radial,heidipadilla,7468,Nebraska,Jordanburgh,Bush Drives,2010-05-31,26,MI,44.314844,-85.602364,Michigan
283,John Willis,51372 Thompson Well Apt. 599,adamsleonard,6838,North Carolina,Parrishberg,Saunders Ford,2021-03-29,44,MN,46.729553,-94.6859,Minnesota
284,Laura Bishop,6649 James Stravenue Apt. 493,wryan,11924,New Jersey,Schneiderside,Mark Circles,2018-12-29,67,MO,37.964253,-91.831833,Missouri
285,Christopher Richardson,1742 Matthew Stravenue Suite 022,tiffanypena,57631,Pennsylvania,Jonesside,Oneal Skyway,2012-02-20,90,MS,32.354668,-89.398528,Mississippi
286,Paul Sweeney,09862 Jones Pike,beltrankelli,989,Montana,Samuelside,Romero Burgs,2017-06-13,45,MT,46.879682,-110.362566,Montana
287,Hannah Brown,55337 Sabrina Overpass,samantha74,2180,Arizona,East Megan,Gutierrez Brooks,2007-05-12,35,NC,35.759573,-79.0193,North Carolina
288,Ronald Bowers,3539 William Parkway Apt. 395,samuelhuffman,2063,Connecticut,West Linda,Katherine Trafficway,2002-05-29,57,ND,47.551493,-101.002012,North Dakota
289,Arthur Goodman,70499 Lee Tunnel,bryan69,4589,North Dakota,Maddoxborough,Gilbert Mission,2007-10-03,68,NE,41.492537,-99.901813,Nebraska
290,Laura Long,740 Karen Turnpike,lowerycolleen,364,Oklahoma,East Angela,Amy Falls,2006-04-10,83,NH,43.193852,-71.572395,New Hampshire
291,Lauren Taylor,0963 James Valley Apt. 098,clarkcharles,440,California,West Julieland,Matthew Extension,2017-08-08,27,NJ,40.058324,-74.405661,New Jersey
292,Kelsey Johnson,9416 Amanda Walks,chad64,64192,Nebraska,Whiteport,Scott Unions,2010-06-26,90,NM,34.97273,-105.032363,New Mexico
293,Janet Black,160 Rebecca Meadow,brandy58,3956,New York,Port Anita,Mathew Parkway,2017-06-18,67,NV,38.80261,-116.419389,Nevada
294,Mark Anderson,567 Reid Gateway,bschwartz,64824,Nevada,North Vincent,Page Village,2009-12-31,62,NY,43.299428,-74.217933,New York
295,Gregory Mcintosh,0952 Carla Mountain,wilcoxcaleb,471,Georgia,Helenborough,Samantha Ferry,2020-01-29,53,OH,40.417287,-82.907123,Ohio
296,Erica Griffin,4938 Hughes Well,skinnerjessica,74,Delaware,North Kaitlynmouth,Avila Wall,2010-07-30,52,OK,35.007752,-97.092877,Oklahoma
297,Tammy Baker,461 Rodriguez Villages Suite 528,mcarpenter,142,Indiana,Brandonfurt,Eric Trail,2018-11-22,74,OR,43.804133,-120.554201,Oregon
298,Michael Smith,400 Lisa Pass Apt. 705,imorgan,783,Wisconsin,New Jerry,Fox Drive,2011-11-22,34,PA,41.203322,-77.194525,Pennsylvania
299,Katie Rodriguez,37947 Maldonado Curve Suite 329,cmercer,635,North Carolina,Williamsside,Thomas Fall,2006-11-13,42,PR,18.220833,-66.590149,Puerto Rico
300,Tony Taylor,150 Duran Ports,james68,7036,Arkansas,Wigginsshire,Samantha Fort,2017-08-05,32,RI,41.580095,-71.477429,Rhode Island
301,Jason Hernandez,31967 Chase Grove Apt. 461,leblancryan,972,Iowa,Gillhaven,Roberts Lodge,2020-08-17,25,SC,33.836081,-81.163725,South Carolina
302,Mary Ashley,60809 Tran Knolls,justinmartin,530,Nebraska,Port Susan,Megan Locks,2021-12-03,57,SD,43.969515,-99.901813,South Dakota
303,Lisa Anderson,0986 Hunter Ports Suite 685,benjaminruiz,625,Delaware,Port Nicole,Michael Groves,2005-08-09,20,TN,35.517491,-86.580447,Tennessee
304,Robert Mann,0698 Adam Green Suite 617,cheath,458,Maryland,New Johnstad,Sanchez Center,2020-03-26,44,TX,31.968599,-99.901813,Texas
305,Walter Walsh,3557 Phelps Park,samantha67,476,Mississippi,South Brianport,Blackwell Locks,2003-04-27,74,UT,39.32098,-111.093731,Utah
306,Valerie Sanchez,089 Hamilton Heights,yschwartz,3908,Virginia,Olsentown,Garcia Terrace,2007-04-01,55,VA,37.431573,-78.656894,Virginia
307,Elizabeth Walker,4623 Anna Garden Apt. 674,patrick41,510,Indiana,New Alexander,Amber Roads,2000-07-25,49,VT,44.558803,-72.577841,Vermont
308,Kristin Foster,65860 Miller Turnpike Apt. 038,astewart,718,New Hampshire,West Rose,Amanda Plains,2022-03-30,69,WA,47.751074,-120.740139,Washington
309,Robert Clark,69067 Wilson Island,catherinejames,7200,Oregon,New Timothyfort,Larson Trace,2021-05-10,37,WI,43.78444,-88.787868,Wisconsin
310,Ian Rios,5208 Mason Tunnel,jerrymoore,17009,Missouri,Alexandriamouth,Andrews Drives,2018-05-19,67,WV,38.597626,-80.454903,West Virginia
311,Julie Daniel,498 Anderson Grove Apt. 176,kathleen83,97612,Kentucky,Port Robin,Janet Greens,2013-04-15,28,WY,43.075968,-107.290284,Wyoming
312,Steven Gonzales,10946 Bobby Island,heidimeyers,30073,Maine,Lake Ericberg,Cassie Mountains,2013-05-10,27,AK,63.588753,-154.493062,Alaska
313,Kristina Vasquez,131 Carson Greens Apt. 808,dorothy92,2681,Florida,Lake Edgar,Cody Ways,2001-12-13,89,AL,32.318231,-86.902298,Alabama
314,Melissa Johnson,2232 Lauren Terrace Suite 036,barbarabutler,108,Rhode Island,Christianburgh,Thompson Way,2021-12-30,73,AR,35.20105,-91.831833,Arkansas
315,Johnny Collins,5324 Pamela Mountains Suite 669,xmiller,589,Nebraska,New Josephhaven,Alisha Ways,2010-10-01,40,AZ,34.048928,-111.093731,Arizona
316,Matthew Harmon III,4364 Wood Rest Suite 089,allentodd,97266,Utah,Lake Teresamouth,Gary Stravenue,2003-01-24,72,CA,36.778261,-119.417932,California
317,Jennifer Lee,82022 Washington Road Suite 940,turnersharon,15614,Virginia,Cameronton,Justin Fields,2016-11-13,88,CO,39.550051,-105.782067,Colorado
318,Rachel Willis,070 Goodman Burgs,hawkinsdustin,30418,Indiana,Jodybury,Brandon Run,2017-04-28,46,CT,41.603221,-73.087749,Connecticut
319,Teresa Hancock,485 Ray Skyway,jameswilson,95104,Maryland,North Sydney,Burke Forest,2013-09-30,33,DC,38.905985,-77.033418,District of Columbia
320,Linda Thompson,1316 Misty Turnpike,kellykimberly,8257,Ohio,West Jeremymouth,Cody Orchard,2015-08-03,47,DE,38.910832,-75.52767,Delaware
321,Elizabeth Wood,96352 Lopez Ridge,acevedoemily,9638,Idaho,Kathrynside,Perry Plaza,2018-12-23,73,FL,27.664827,-81.515754,Florida
322,Emily Perez,268 Anderson Turnpike Suite 960,taylor50,785,Idaho,North Jadeview,Frank Canyon,2003-08-28,50,GA,32.157435,-82.907123,Georgia
323,Lynn Whitehead,245 Stone Well,erin13,602,Tennessee,East Amandaland,Traci Dale,2002-01-05,90,HI,19.898682,-155.665857,Hawaii
324,Suzanne Coleman,009 Karl Stravenue Apt. 907,ylawson,20521,New Mexico,Cooperton,Morales Junctions,2014-07-03,87,IA,41.878003,-93.097702,Iowa
325,Michelle Sosa,48301 Christian Cliff Suite 282,lori94,883,Nebraska,Holmesberg,Alexander Ford,2015-07-06,65,ID,44.068202,-114.742041,Idaho
326,Eric Daniels,9438 Jessica Shore,bwhite,634,Delaware,Chavezborough,Alexis Pine,2010-07-23,35,IL,40.633125,-89.398528,Illinois
327,Christine James,40561 Chelsea Mission Suite 609,barbara53,478,Texas,Luisburgh,Samantha Plains,2004-02-05,61,IN,40.551217,-85.602364,Indiana
328,John Steele,01996 Latoya Union Suite 291,scott96,6632,Oklahoma,South Russellburgh,Rogers Isle,2015-07-28,90,KS,39.011902,-98.484246,Kansas
329,Laura Martin,33088 Santos Street Apt. 656,garzabrian,84047,Illinois,Colehaven,Amanda Hills,2004-02-29,37,KY,37.839333,-84.270018,Kentucky
330,Megan Mcpherson,27667 Kelly Circle Apt. 991,stevenlewis,6762,Maryland,New Jamie,Samuel Stream,2019-08-27,20,LA,31.244823,-92.145024,Louisiana
331,Kristy Padilla,0323 Levy Isle,tony63,66611,North Dakota,South Patrick,Kurt Key,2016-07-12,47,MA,42.407211,-71.382437,Massachusetts
332,Catherine Hopkins,400 Linda Village Suite 142,paulvaughn,703,Delaware,Payneburgh,Jacob Center,2013-12-21,72,MD,39.045755,-76.641271,Maryland
333,Sharon Brady,442 Parker Shore Suite 312,michael11,63311,West Virginia,Amandaport,Gregory Mission,2003-08-03,87,ME,45.253783,-69.445469,Maine
334,Jared Stewart,72008 Patrick Lock Suite 265,zstephens,1402,Louisiana,Morrisonchester,Lambert Keys,2003-04-01,20,MI,44.314844,-85.602364,Michigan
335,Charles Simpson,9098 Daniel Ford,mclark,56103,Louisiana,Davidmouth,Murphy Street,2001-02-25,73,MN,46.729553,-94.6859,Minnesota
336,Joshua Hamilton,87417 Heather Hill,dclark,859,Wisconsin,Lake Stephenborough,Palmer Fort,2021-03-21,88,MO,37.964253,-91.831833,Missouri
337,Timothy Boyd,9441 Garcia Fields Apt. 702,ellisbrian,7722,Connecticut,South Gabriel,Mitchell Well,2010-03-16,34,MS,32.354668,-89.398528,Mississippi
338,Michelle Matthews,9435 Margaret Mount,amybaker,89480,Maryland,Lake Monicabury,Miles River,2005-09-26,65,MT,46.879682,-110.362566,Montana
339,Jason Adams,12157 Tiffany Isle Apt. 990,icrawford,910,Texas,Port Sarabury,Terri Well,2008-12-15,23,NC,35.759573,-79.0193,North Carolina
340,Jon Patterson,615 Stephanie Village,stanley17,6578,West Virginia,West Jameschester,David Pines,2012-08-15,40,ND,47.551493,-101.002012,North Dakota
341,Amy Phillips,151 Amy Fords Apt. 327,evaughn,4113,Idaho,Donaldtown,Corey Prairie,2016-11-17,66,NE,41.492537,-99.901813,Nebraska
342,Juan Turner,93726 Hill Villages Apt. 981,ryan19,3982,Rhode Island,Palmershire,Pennington Corner,2020-02-23,61,NH,43.193852,-71.572395,New Hampshire
343,Joshua White,9072 Timothy Centers,melissa91,2037,Virginia,New Gabriellahaven,Lisa Roads,2005-10-16,19,NJ,40.058324,-74.405661,New Jersey
344,Corey Sharp,4902 Isaac Shoals,karen70,65328,Oklahoma,Stanleyburgh,Rose Mountains,2019-11-24,73,NM,34.97273,-105.032363,New Mexico
345,Terri Smith,37280 Phillips Brook,smithdavid,754,North Carolina,West Erin,Zachary Roads,2000-01-27,80,NV,38.80261,-116.419389,Nevada
346,Amy Weaver,00732 Brittney Spurs,jamiemartinez,1212,Arkansas,Lake Dennisfurt,Coleman Run,2000-03-14,52,NY,43.299428,-74.217933,New York
347,Jeffrey Thompson,2789 John Ports,meagan65,4088,Hawaii,Lake John,Liu Lodge,2002-07-15,18,OH,40.417287,-82.907123,Ohio
348,Jodi Lee,958 Eddie Grove,joshua95,58476,Texas,Port Cynthiaview,Katrina Drive,2018-11-15,45,OK,35.007752,-97.092877,Oklahoma
349,Destiny Hughes,51411 Ross Forge Suite 772,gwilliams,8596,Pennsylvania,North David,Castillo Station,2022-04-03,89,OR,43.804133,-120.554201,Oregon
350,Ebony Richardson,1843 Mcdowell Radial Suite 659,eric49,3692,Virginia,Hollyton,Fowler Mount,2002-09-19,17,PA,41.203322,-77.194525,Pennsylvania
351,Michelle Stephens,343 Joshua View,xjones,27126,Maryland,Amyton,Scott Lock,2002-03-18,81,PR,18.220833,-66.590149,Puerto Rico
352,Jacob Ward,54779 Owens Mountain Suite 351,jenniferbates,53138,Missouri,North Jamesbury,Shaw Fall,2010-08-20,36,RI,41.580095,-71.477429,Rhode Island
353,Angela Cook,00681 Heather Passage Apt. 641,gfisher,7969,Kansas,Nicolefort,Aaron Rest,2009-01-07,20,SC,33.836081,-81.163725,South Carolina
354,Larry Wells,76856 Kristine Rapid,fernandezgina,38165,Hawaii,Joyville,Kimberly Highway,2013-08-27,58,SD,43.969515,-99.901813,South Dakota
355,Dean Smith,01412 Martha Path,hsloan,164,Colorado,Lake Joland,Angela Overpass,2008-10-01,66,TN,35.517491,-86.580447,Tennessee
356,Mary Mcguire,6364 Megan Glen Suite 366,andersonjacob,866,Nebraska,North Shaneside,Michael Branch,2011-04-27,44,TX,31.968599,-99.901813,Texas
357,Pamela Lee,9552 Gloria Harbors Suite 711,jmueller,8319,Connecticut,North Richardmouth,Solis Brooks,2005-11-22,76,UT,39.32098,-111.093731,Utah
358,Juan Moreno,3846 Danny Hills Suite 480,ashleyhamilton,263,Idaho,Adamsmouth,Keith Avenue,2008-01-17,28,VA,37.431573,-78.656894,Virginia
359,Jennifer Garcia,95951 Jose Light,brucecallahan,102,Nebraska,Port Nicolestad,Nicole Cape,2013-08-12,88,VT,44.558803,-72.577841,Vermont
360,David Carr,23422 John Cliffs,omcconnell,5807,New Mexico,New Pamelamouth,Kimberly Mountain,2022-03-11,82,WA,47.751074,-120.740139,Washington
361,Robert Caldwell,72508 James Street,andrew92,65635,Georgia,East Michaelstad,Jennifer Roads,2004-08-03,67,WI,43.78444,-88.787868,Wisconsin
362,Terrance Lara,829 Stewart Forge Suite 834,gregory01,8645,North Dakota,North Tammy,Vincent Centers,2001-09-08,21,WV,38.597626,-80.454903,West Virginia
363,Sara Stevens,2524 Marie Crescent,margaretpowell,56960,Arizona,Laurieside,Wilson Islands,2010-09-18,81,WY,43.075968,-107.290284,Wyoming
364,Blake Hester,1565 Lewis Flat Apt. 538,lwright,41535,Delaware,West Andrew,Colin River,2013-06-22,50,AK,63.588753,-154.493062,Alaska
365,Kelly Alexander,93186 Lee Road Suite 049,rebeccajones,47160,South Dakota,Melodyborough,Suarez Green,2021-02-22,76,AL,32.318231,-86.902298,Alabama
366,Joseph Cardenas,635 Lowery Road Apt. 411,rebecca39,340,Oregon,Laraton,Parsons Field,2022-05-23,17,AR,35.20105,-91.831833,Arkansas
367,Stephanie Erickson,04024 Russell Gateway Suite 652,williamsullivan,638,West Virginia,Boltonburgh,White Pass,2009-11-19,43,AZ,34.048928,-111.093731,Arizona
368,Shannon Patrick,007 Martinez Gateway,vancejames,19311,West Virginia,Nelsonport,David Pines,2003-10-06,89,CA,36.778261,-119.417932,California
369,Tyler Evans,1476 Barnes Well,sharonanderson,768,Florida,North Jenniferport,Kim View,2017-09-17,51,CO,39.550051,-105.782067,Colorado
370,Eric Green,870 Murphy Meadow,jennifer82,383,Michigan,Marychester,Baird Drive,2000-05-10,54,CT,41.603221,-73.087749,Connecticut
371,Robert Reynolds,541 Kevin Forest,pcoleman,9995,Wisconsin,North Stephanie,Thomas Run,2018-12-13,19,DC,38.905985,-77.033418,District of Columbia
372,Charles Garcia,17447 Kyle Parkways,michael01,5734,West Virginia,Michelleland,Craig Ridge,2014-06-11,67,DE,38.910832,-75.52767,Delaware
373,Rebecca Dixon,437 Jones Isle Apt. 386,robertweber,87553,Texas,Woodsside,Yang Extension,2013-07-26,56,FL,27.664827,-81.515754,Florida
374,Michelle Williamson,104 Lisa Locks Apt. 184,michaela53,75909,New Hampshire,Christianborough,Tiffany Flats,2014-03-28,69,GA,32.157435,-82.907123,Georgia
375,Colleen Fleming,434 Jay Club,hernandezamber,81157,Kentucky,South Jocelyn,George Green,2008-01-16,27,HI,19.898682,-155.665857,Hawaii
376,Ethan Hardin,56129 Danielle Extensions,waltermiller,3146,New York,Hayesview,Jill Mills,2014-11-16,26,IA,41.878003,-93.097702,Iowa
377,Edward Jacobs,13129 Tapia Street Apt. 850,bauerjames,3442,Michigan,East Vanessa,Christopher Rapids,2017-09-05,46,ID,44.068202,-114.742041,Idaho
378,Nancy Hall,531 Tanya Gateway Apt. 503,gerald62,965,Oklahoma,Randyburgh,Mcintyre Course,2003-09-08,17,IL,40.633125,-89.398528,Illinois
379,Mrs. Judy Welch MD,499 Reynolds Mills Suite 988,guy35,23407,Oklahoma,Novakfurt,Chase Estate,2018-01-26,17,IN,40.551217,-85.602364,Indiana
380,Joshua Mendez,703 Pitts Drives,asullivan,512,Tennessee,Barajasfort,Williams Islands,2012-06-03,59,KS,39.011902,-98.484246,Kansas
381,Vincent Tate,838 Michael Branch Apt. 571,valerievaughan,72806,Iowa,Jeffreyside,Mitchell Forest,2017-02-20,21,KY,37.839333,-84.270018,Kentucky
382,Kevin Higgins,6423 Jessica Port Apt. 014,samuel97,140,South Carolina,East Adam,Terry Cliff,2005-05-28,39,LA,31.244823,-92.145024,Louisiana
383,Sharon Jones,3803 Chelsea Ranch,nmann,69485,North Carolina,Martineztown,Cassandra Cliffs,2016-12-01,85,MA,42.407211,-71.382437,Massachusetts
384,Jason Wyatt,1784 Kevin Dale Apt. 105,brookslisa,879,Rhode Island,Sarahside,Griffin Throughway,2012-09-21,88,MD,39.045755,-76.641271,Maryland
385,Megan Reed,97756 Brandy Ports,stephanie90,29471,Delaware,New Annette,Kimberly Neck,2001-05-11,34,ME,45.253783,-69.445469,Maine
386,Brianna Tucker,3490 Jennifer Views,morriscarl,67234,Kentucky,Michaelborough,Maldonado Burg,2012-11-04,62,MI,44.314844,-85.602364,Michigan
387,Tommy Richardson,2307 Roberto Mill,bruce61,86405,Florida,Davidton,Jones Skyway,2004-09-17,69,MN,46.729553,-94.6859,Minnesota
388,Daniel Small,638 Dunn Highway,nancy47,670,Michigan,Taraton,Brown Island,2009-08-30,40,MO,37.964253,-91.831833,Missouri
389,Travis Evans,047 Jill Brooks,seanconner,909,Kansas,Alvinchester,Sarah Manors,2007-07-10,37,MS,32.354668,-89.398528,Mississippi
390,Kristen Barnett,07899 Johnson Glen Apt. 307,thomas97,990,Colorado,Johnstonmouth,David Place,2014-02-02,89,MT,46.879682,-110.362566,Montana
391,Jonathan Byrd,04951 Miller Lock,ncarter,411,Wyoming,Murphybury,Carolyn Mission,2011-11-15,20,NC,35.759573,-79.0193,North Carolina
392,Richard Thompson,405 Anthony Hills,thomas85,572,Maryland,Kimland,Cox Hollow,2016-07-18,31,ND,47.551493,-101.002012,North Dakota
393,Jessica Cruz,0085 Charles Pine,tgonzales,7652,New Jersey,East Oliviaville,Leslie Vista,2017-05-26,46,NE,41.492537,-99.901813,Nebraska
394,Shane Charles,36652 Caroline Mews Suite 668,dyu,1049,Oregon,Kathleenmouth,Hayden Point,2011-10-16,53,NH,43.193852,-71.572395,New Hampshire
395,Timothy Ramsey,7161 Hendricks Stravenue,janicepham,52,New Jersey,South Theresa,Lopez Bypass,2012-10-16,72,NJ,40.058324,-74.405661,New Jersey
396,Robert Ayala,68486 Hicks Avenue Apt. 907,marquezjoseph,25303,Vermont,Luisborough,Rodney Rapids,2014-08-07,80,NM,34.97273,-105.032363,New Mexico
397,Mr. Christian Castro,520 Erica Mews Suite 830,jon14,78339,South Dakota,South Dominique,Rojas Hollow,2002-08-03,81,NV,38.80261,-116.419389,Nevada
398,Dana Williams,33327 Le Summit Apt. 044,fking,786,Tennessee,Schultzchester,Robin Coves,2004-01-22,46,NY,43.299428,-74.217933,New York
399,Pamela Roberts,2141 Cooper Fords Suite 197,hernandeztaylor,4290,Maine,Cynthiaborough,Maddox Street,2004-06-02,25,OH,40.417287,-82.907123,Ohio
400,Rodney Miller,45425 Christopher Fall Apt. 343,joe86,1556,Nevada,Mitchellburgh,Melissa Landing,2018-04-22,25,OK,35.007752,-97.092877,Oklahoma
401,Anthony Smith,064 Carter Burgs Apt. 819,johnkim,52311,Louisiana,Waltersland,Robinson Key,2010-03-27,32,OR,43.804133,-120.554201,Oregon
402,Sherry Melendez,6747 James Greens,hillyolanda,4760,Colorado,Erikbury,Baker Falls,2018-08-20,90,PA,41.203322,-77.194525,Pennsylvania
403,Douglas Bryant,393 Anderson Orchard,nicole13,16672,New Jersey,North Courtneyfort,Jason Walks,2013-08-27,73,PR,18.220833,-66.590149,Puerto Rico
404,Diana Ferrell,593 Samantha Shores,bradleycarlson,413,Utah,Codyshire,Peter Orchard,2000-01-15,51,RI,41.580095,-71.477429,Rhode Island
405,Lindsay Ibarra,4279 William Trail Apt. 355,ronnie77,9464,Kansas,West Jeff,Donald Roads,2017-07-29,75,SC,33.836081,-81.163725,South Carolina
406,Bradley White,103 Jodi Burg Apt. 766,kelly05,88625,Idaho,Nathanielshire,Michael Rest,2007-11-21,47,SD,43.969515,-99.901813,South Dakota
407,Yvonne Lane,8270 Brian Mountains Suite 292,michael57,67918,Arizona,Mathewsport,Michael Burgs,2022-03-04,61,TN,35.517491,-86.580447,Tennessee
408,Elizabeth Martin,457 Gary River Suite 459,nathan73,170,California,South Patrick,Alex Inlet,2008-02-13,72,TX,31.968599,-99.901813,Texas
409,Jacqueline Lucero,78561 Mcmillan Road,wbrown,2559,New Hampshire,New Dawn,Sharon Ridge,2005-03-14,21,UT,39.32098,-111.093731,Utah
410,Amanda Lang,9657 Zachary Tunnel Apt. 325,olee,4054,Illinois,New Jenniferburgh,Benjamin Crossing,2016-01-24,72,VA,37.431573,-78.656894,Virginia
411,Courtney Thomas,3124 Margaret Mall Apt. 467,gmckinney,4823,Massachusetts,Durhamview,Albert Pass,2015-05-26,26,VT,44.558803,-72.577841,Vermont
412,Kimberly Rowe,249 Cantu Summit Apt. 856,sanderskelly,6,Utah,Woodsborough,Elizabeth Walk,2007-12-07,49,WA,47.751074,-120.740139,Washington
413,Kenneth Lopez,474 Christopher Ports Suite 802,mcfarlandkaren,3243,Ohio,West Toddside,Christine Tunnel,2001-05-02,79,WI,43.78444,-88.787868,Wisconsin
414,Julie Orozco,6280 Steven Passage Suite 845,lyonsryan,781,North Dakota,East Brittany,John Field,2016-08-06,70,WV,38.597626,-80.454903,West Virginia
415,Jacob Vaughan PhD,7646 Jones Inlet Apt. 108,jermaine11,4245,Hawaii,Trevorhaven,Oconnell Club,2013-07-22,82,WY,43.075968,-107.290284,Wyoming
416,Erica Webb,977 Gonzales Trace Suite 623,sarahgarcia,8105,Vermont,Jordanville,Hamilton Meadows,2008-05-20,24,AK,63.588753,-154.493062,Alaska
417,Mackenzie Sandoval,729 Simpson Rapids,vmanning,5492,Nevada,Bennettland,Parker Mountains,2005-12-06,28,AL,32.318231,-86.902298,Alabama
418,Mary Rodriguez,72224 Vasquez Haven Apt. 423,qsmith,41232,Missouri,Port Michael,Gonzalez Rest,2006-12-23,84,AR,35.20105,-91.831833,Arkansas
419,Alex Dixon,82479 Madison Gateway,mbarker,52636,New York,Sergioport,Matthew Pike,2002-09-27,20,AZ,34.048928,-111.093731,Arizona
420,Ms. Mallory Larsen,441 Smith Center Suite 681,christopher13,293,Georgia,Cooperberg,Washington Forks,2006-10-23,62,CA,36.778261,-119.417932,California
421,Thomas Salazar,128 Jones Common,qbarnes,7021,Texas,New Richard,Amy Vista,2008-06-24,19,CO,39.550051,-105.782067,Colorado
422,Kristin Wallace,248 Rivera Spring,nicholas88,30921,Delaware,East Kylehaven,Arnold Park,2022-08-15,75,CT,41.603221,-73.087749,Connecticut
423,Autumn Watson,618 Lisa Parkways,samanthabrown,32520,Connecticut,Lake Zachary,Campbell Locks,2014-04-24,69,DC,38.905985,-77.033418,District of Columbia
424,George Johnson,78565 Richards Drives Apt. 378,nflores,14349,Alaska,Smithport,Madden Flats,2015-08-08,72,DE,38.910832,-75.52767,Delaware
425,Jose Walters,65253 Kelly Forks,courtney59,3687,New Mexico,Sheriton,Rodgers Ferry,2012-11-26,48,FL,27.664827,-81.515754,Florida
426,Mr. Jordan Smith,5450 Erika Key,qflores,5164,Colorado,New Jessicaberg,Rodgers Light,2008-01-22,21,GA,32.157435,-82.907123,Georgia
427,Jimmy Howard,621 Cheryl Court Apt. 564,charlespadilla,8198,Montana,Parrishmouth,Cassandra Lights,2020-06-03,23,HI,19.898682,-155.665857,Hawaii
428,Beth Banks,09630 Ashley Lock Suite 360,david94,662,New Mexico,East Christinaberg,Danny Circles,2011-07-11,74,IA,41.878003,-93.097702,Iowa
429,Kayla Chaney,4120 Cooper Run,kimrobert,8796,Minnesota,Murraytown,Garcia Mill,2020-09-21,45,ID,44.068202,-114.742041,Idaho
430,Mr. Charles Scott,92835 Shannon Walks Apt. 349,matthewhampton,3295,Arkansas,Barnettport,Scott Locks,2014-10-21,87,IL,40.633125,-89.398528,Illinois
431,Marc King,75257 Curry Hollow Apt. 391,angelareese,8824,Nebraska,Robertton,Leah Falls,2017-06-02,90,IN,40.551217,-85.602364,Indiana
432,Tina Taylor,5483 Heather Parkways,james11,9697,Wyoming,West Kaitlynhaven,Stephen View,2018-11-03,52,KS,39.011902,-98.484246,Kansas
433,Linda Fuller,59788 Malone Stravenue Suite 524,ortizdaniel,810,Arizona,Sarahtown,Gary Place,2020-12-09,67,KY,37.839333,-84.270018,Kentucky
434,Christina Arnold,536 Moss Lodge Apt. 667,janet36,3809,Rhode Island,North Joycestad,Janet Locks,2015-03-18,40,LA,31.244823,-92.145024,Louisiana
435,Daniel Logan,94343 Cisneros Valleys,qmartinez,958,Missouri,Lake Laurieview,Jacqueline Loaf,2013-05-30,40,MA,42.407211,-71.382437,Massachusetts
436,Brenda Henson,338 Anthony Vista,brownkatherine,45109,Maryland,Ginachester,Cameron Cape,2017-02-08,21,MD,39.045755,-76.641271,Maryland
437,Jesus Miller,431 Morris Mission Suite 416,steinlouis,42858,Ohio,East Kevin,Matthew Light,2014-03-01,55,ME,45.253783,-69.445469,Maine
438,Kristin Duke,166 White Valleys,campbelljeffery,71921,Montana,West Tristanland,Kim Mountain,2002-11-20,72,MI,44.314844,-85.602364,Michigan
439,Crystal Fleming,5741 Colin Orchard Apt. 923,jeremy90,315,Massachusetts,Lake Kevin,Paul Ford,2015-08-07,55,MN,46.729553,-94.6859,Minnesota
440,Crystal Dean,03218 Ariana Mountain,xbarker,234,Delaware,New Michelleside,Aaron Spurs,2012-07-31,18,MO,37.964253,-91.831833,Missouri
441,Brittany Garner,243 Dakota Divide,jscott,440,Wisconsin,East Mirandaborough,Thomas Landing,2010-11-12,23,MS,32.354668,-89.398528,Mississippi
442,Susan Mcdonald,178 Jacob Isle Apt. 142,sthompson,663,Hawaii,West Steven,Carrie Fork,2014-10-11,75,MT,46.879682,-110.362566,Montana
443,Lisa Fisher,43446 Crystal Pine,janet05,1980,Virginia,Nelsonfurt,Reese Drive,2004-10-07,80,NC,35.759573,-79.0193,North Carolina
444,Deanna Lopez,339 Horton Fall,kathryn58,9659,West Virginia,Bethbury,Terri Knoll,2006-10-14,44,ND,47.551493,-101.002012,North Dakota
445,Stephen Parker,33985 Douglas Dale,briannacunningham,530,Nevada,East Robertmouth,Gray Roads,2000-11-03,83,NE,41.492537,-99.901813,Nebraska
446,Clayton Huff,5334 Murphy Roads,stevenwilliams,5798,Montana,Ashleytown,Wilson Station,2022-01-30,33,NH,43.193852,-71.572395,New Hampshire
447,David Hicks,72405 Maxwell Prairie Apt. 060,bcampbell,94918,South Dakota,Maryfurt,Thompson Cliffs,2003-09-17,61,NJ,40.058324,-74.405661,New Jersey
448,Kenneth Howell,7155 Miller Well Apt. 227,jwilliams,356,Minnesota,Steventown,Jeffrey Ville,2008-01-03,66,NM,34.97273,-105.032363,New Mexico
449,Valerie Douglas,0349 Lisa Pass Apt. 643,lambrenda,945,New York,New Kim,Jennifer Path,2009-02-03,89,NV,38.80261,-116.419389,Nevada
450,Adam Cochran,94326 Myers Lane Apt. 597,arthur67,536,South Carolina,Chambersport,Williams Spring,2002-09-22,61,NY,43.299428,-74.217933,New York
451,Elizabeth Mcmahon,218 Donald Key Suite 172,phillipswilliam,281,Iowa,Kendrahaven,Andrew Locks,2014-01-07,47,OH,40.417287,-82.907123,Ohio
452,Julie Blackburn,031 Jason Junction,nicholaskelley,886,Tennessee,Benjaminfurt,Church Stream,2015-09-11,19,OK,35.007752,-97.092877,Oklahoma
453,Douglas Henderson,749 Michael Mission,jonesthomas,79320,Kansas,Robertmouth,Jackson Grove,2011-12-30,59,OR,43.804133,-120.554201,Oregon
454,Natalie Fields,3231 Long Harbors,lisachapman,3291,South Dakota,Lawrenceberg,Miranda Mount,2015-08-30,52,PA,41.203322,-77.194525,Pennsylvania
455,Sean Wheeler,21529 Charles Ways,carl08,43916,Texas,New Willie,Odonnell Brooks,2020-05-23,82,PR,18.220833,-66.590149,Puerto Rico
456,Michael Davis,54198 Joshua Tunnel Suite 177,emilyalvarez,740,Nebraska,Haleyville,Lewis Field,2011-10-20,24,RI,41.580095,-71.477429,Rhode Island
457,Kristy Cherry,5512 Tina Flat,royashley,340,Wyoming,North Mario,Chelsey Valley,2015-07-23,87,SC,33.836081,-81.163725,South Carolina
458,Andrew Morrow,45810 Alexander Radial,johnsonbelinda,4032,Utah,Christinefort,Travis Rapid,2021-11-07,85,SD,43.969515,-99.901813,South Dakota
459,Brittany Hendrix,31017 Tony Cove,tmartin,588,Minnesota,East Christopher,Bauer Loaf,2005-12-08,29,TN,35.517491,-86.580447,Tennessee
460,Monica Padilla,579 Howard Tunnel,shawn35,6319,New Hampshire,Fordborough,Kim Mountain,2013-02-19,73,TX,31.968599,-99.901813,Texas
461,Steven Parker,7376 Nash Curve,maryrobles,63996,Maryland,New Robertbury,Laurie Hollow,2013-07-30,44,UT,39.32098,-111.093731,Utah
462,Vanessa Smith,7986 Payne Land,david85,53,Oklahoma,Smithmouth,Adams Tunnel,2015-04-26,21,VA,37.431573,-78.656894,Virginia
463,Valerie Montgomery,9562 Nelson Creek Apt. 071,wmay,1156,Michigan,Port Shawnville,Johnny Plaza,2005-05-21,60,VT,44.558803,-72.577841,Vermont
464,Brooke Moody,7459 Robinson Causeway,patriciahammond,501,Hawaii,East Keithfort,Brady Prairie,2019-09-01,26,WA,47.751074,-120.740139,Washington
465,Cynthia Brock,000 Fischer Meadows,gmorris,313,Missouri,South Lindsey,Vasquez Terrace,2014-11-10,81,WI,43.78444,-88.787868,Wisconsin
466,Diana Adams,78374 Miller Vista Apt. 444,rodriguezangelica,55873,West Virginia,Hoffmanview,Jamie Cliffs,2016-07-26,76,WV,38.597626,-80.454903,West Virginia
467,Melissa Benson,94118 Banks Cliff,craigspencer,851,Illinois,Francisport,Rodriguez Isle,2012-04-04,43,WY,43.075968,-107.290284,Wyoming
468,Jeffrey Middleton,8967 Peter Fall,ygarcia,3157,Delaware,West Christinahaven,Mccarthy Ports,2000-07-02,77,AK,63.588753,-154.493062,Alaska
469,Ethan Richard,6716 Christian Gateway Suite 021,haley19,584,Wisconsin,Carrollland,Woodward Lodge,2000-11-17,36,AL,32.318231,-86.902298,Alabama
470,Christina Herrera,2214 Powell Courts,donald21,68449,Hawaii,South Kristyview,Corey Ways,2010-05-28,89,AR,35.20105,-91.831833,Arkansas
471,Christina Williams,35055 Burgess Camp Suite 069,zperez,704,South Carolina,Port Caseymouth,Robbins Pines,2001-07-08,82,AZ,34.048928,-111.093731,Arizona
472,Michelle Sawyer,342 Justin Street Apt. 503,dorothy44,5973,Idaho,West Rebecca,Susan Crossroad,2005-02-21,32,CA,36.778261,-119.417932,California
473,Mary Montgomery,7468 Matthew Fort Suite 587,xwelch,9963,South Carolina,Nicoleview,Graham Oval,2021-04-27,79,CO,39.550051,-105.782067,Colorado
474,Brendan Perez,50599 Scott Road,greenebrian,79818,Arizona,Lake Michael,Javier Hill,2008-07-19,30,CT,41.603221,-73.087749,Connecticut
475,Tony Daugherty,943 Bradley Ville Suite 865,rmontgomery,57545,Wisconsin,Kevinton,Felicia Motorway,2001-10-13,34,DC,38.905985,-77.033418,District of Columbia
476,Kelly Johnson,191 Wendy Avenue Suite 259,ronald03,570,Wyoming,Lake Justin,Rose Forest,2001-04-24,83,DE,38.910832,-75.52767,Delaware
477,Michael Keller,0883 Chad Mall Suite 436,pamela49,157,Maryland,Reyesstad,Allison Knoll,2013-08-15,22,FL,27.664827,-81.515754,Florida
478,Brittany Adams,6358 Garcia Crossroad Apt. 989,mary60,5928,Alaska,New Kathymouth,Heather Divide,2003-05-02,28,GA,32.157435,-82.907123,Georgia
479,Megan Meyer,74250 Steven Fall Apt. 346,david86,4162,Illinois,Jonesburgh,Michael Hills,2014-11-17,68,HI,19.898682,-155.665857,Hawaii
480,Louis Rios,388 Morgan Motorway,diana27,8189,Kansas,West Amanda,Thomas Burg,2003-09-18,17,IA,41.878003,-93.097702,Iowa
481,Devon Stone,16587 Virginia Track Apt. 508,nnelson,2388,Mississippi,Davisport,Juan Divide,2005-03-23,44,ID,44.068202,-114.742041,Idaho
482,Thomas Matthews,7561 Briana Burgs Suite 782,joseleach,508,South Carolina,Mckayland,Troy Landing,2011-02-21,17,IL,40.633125,-89.398528,Illinois
483,Amanda Nunez,8889 Gonzalez Stream Apt. 493,patrick67,4482,South Carolina,New Jimmyton,Wells Summit,2021-11-05,41,IN,40.551217,-85.602364,Indiana
484,Rebecca Petersen,011 Catherine Garden Apt. 615,joseph50,9698,Wisconsin,South Kaitlin,Peters Well,2006-04-12,19,KS,39.011902,-98.484246,Kansas
485,Gregory Norris,1523 Jeremy Forks Suite 627,jessicalopez,21069,Alaska,Millerbury,Luis Divide,2011-05-30,46,KY,37.839333,-84.270018,Kentucky
486,Michael Esparza,207 Morales Lock,jeffrey47,148,Kansas,West Jacquelineton,Norton Knoll,2000-04-12,48,LA,31.244823,-92.145024,Louisiana
487,Brett Williams,456 Owens Mall Apt. 664,kellyluna,613,Montana,Lesliefurt,Joseph Tunnel,2022-08-09,60,MA,42.407211,-71.382437,Massachusetts
488,Kyle Stevens,214 Alvarado Shoals,blyons,36259,Pennsylvania,Charlesview,Buckley Ferry,2015-07-26,28,MD,39.045755,-76.641271,Maryland
489,Michael Jensen,60681 Miranda Points Apt. 281,cynthia46,90130,Maine,Tarafort,Jacqueline Throughway,2003-06-27,63,ME,45.253783,-69.445469,Maine
490,Erika Smith,12117 John Spur,steven63,8081,Kentucky,Fordmouth,Angela Flats,2015-04-04,50,MI,44.314844,-85.602364,Michigan
491,Mrs. Faith Diaz MD,8251 Donna Walk Suite 334,paynedavid,12425,Alaska,South Elizabeth,Torres Parks,2010-01-12,83,MN,46.729553,-94.6859,Minnesota
492,Michelle Cook,19355 Bridget Gateway Suite 192,jwells,783,South Dakota,Smithtown,James Flats,2006-09-30,45,MO,37.964253,-91.831833,Missouri
493,Erica Harris,161 Elizabeth Brook Suite 705,kenneth36,5071,Louisiana,Jamesville,Stewart Mission,2007-02-06,85,MS,32.354668,-89.398528,Mississippi
494,Jesus Shelton,386 Taylor Roads Apt. 967,xshields,351,Wyoming,West Michaelstad,Cynthia Island,2020-02-20,76,MT,46.879682,-110.362566,Montana
495,Marissa Benton,3834 Lee Mill,tiffany01,125,Maine,East Taylorland,Buckley Fort,2014-12-13,50,NC,35.759573,-79.0193,North Carolina
496,Samantha Roberson,9935 Jensen Track Suite 008,robert04,7798,Arizona,East Stevenville,Mccarthy Summit,2021-08-03,58,ND,47.551493,-101.002012,North Dakota
497,Lisa Reed,88781 Smith Ridge,olsenchad,459,New Mexico,Brandonburgh,Wise Cape,2022-04-06,48,NE,41.492537,-99.901813,Nebraska
498,Nancy Richards,795 Christopher Plaza,terrykim,134,West Virginia,Blackwellville,Holt Corners,2012-07-07,27,NH,43.193852,-71.572395,New Hampshire
499,Amanda Barrett,279 John Manor Apt. 262,yporter,75,Montana,Teresaberg,Kendra Fork,2010-06-01,40,NJ,40.058324,-74.405661,New Jersey